,n_features,pr_auc,roc_auc,f1,precision,recall,pr_auc_ci,model,residualised,roc_auc_ci
chance,0,0.32558139534883723,0.5,,,,"[None, None]",,,
volume_only,3,0.6494661372831332,0.723864258347017,0.5714285714285714,0.5714285714285714,0.5714285714285714,"[0.5092072534078791, 0.7712240018174774]",default,False,"[0.618701959804901, 0.8229133039969388]"
structure_size_free,10,0.6887901550881509,0.7304324028461959,0.5609756097560976,0.575,0.5476190476190477,"[0.5512936185259871, 0.803891566894907]",default,False,"[0.6131592969543634, 0.8261417548302162]"
volume_plus_structure,13,0.8285547915820105,0.8691844553913519,0.7088607594936709,0.7567567567567568,0.6666666666666666,"[0.7193564438168327, 0.9096726614260096]",default,False,"[0.792867402124074, 0.9354845706076605]"
sentiment_only,9,0.564361285610925,0.7832512315270936,0.6172839506172839,0.6410256410256411,0.5952380952380952,"[0.4352155692610147, 0.7451978163308205]",default,False,"[0.6936148824361931, 0.8632280219780218]"
volume_plus_sentiment,12,0.7886822143805072,0.8431855500821017,0.6923076923076923,0.75,0.6428571428571429,"[0.6734806552306862, 0.8817279364273582]",default,False,"[0.7663314366766664, 0.9127669123204838]"
structure_residualised,10,0.7072823184825237,0.8018609742747673,0.5925925925925926,0.6153846153846154,0.5714285714285714,"[0.5704370139120628, 0.8193884744327686]",default,True,"[0.7136963142737599, 0.8780967769011248]"
temporal_only,9,0.6539235696184087,0.7638204707170224,0.6216216216216216,0.71875,0.5476190476190477,"[0.5119617797923389, 0.7892057801389807]",default,False,"[0.666986510676384, 0.8530391422477273]"
volume_plus_temporal,12,0.7829025850020364,0.8267651888341544,0.7,0.7368421052631579,0.6666666666666666,"[0.6687978417367051, 0.8718503511718209]",default,False,"[0.7418307023664166, 0.9019290610118321]"
full_fusion,31,0.8530261744216783,0.8905309250136836,0.7272727272727273,0.8,0.6666666666666666,"[0.7561691576236242, 0.9267365541884441]",default,False,"[0.8215524443292139, 0.9506346028784823]"
full_fusion_regularised,31,0.822068182658422,0.8549534756431307,0.6666666666666666,0.6666666666666666,0.6666666666666666,"[0.7226382820249787, 0.9039079977913679]",regularised,False,"[0.7743790025836503, 0.9282682341706553]"
volume_extended,33,0.8195055964843613,0.8891625615763546,0.7804878048780488,0.8,0.7619047619047619,"[0.7008428482758992, 0.9120093393095722]",default,False,"[0.8081196309202104, 0.9511525030260728]"
