feature,mean,std
tweets_per_active_bin,0.18079724752994994,0.05901505788946833
node_growth_slope,0.08661852444197295,0.03829397805605937
arima_ma2,0.07338540154396837,0.03426660854775439
tweets_per_user,0.04929121649702956,0.02838668989497696
new_author_frac_last_slice,0.02446662851745275,0.011888953231723922
author_growth_slope,0.021226075089742533,0.01562586400745538
window_tweets,0.021117936320388313,0.01974419743215484
unique_users,0.02013947135165835,0.035169660665945096
pagerank_gini,0.018461155606357985,0.019615934113257925
peakedness,0.015064589033289237,0.013552809666447499
sent_mean,0.008358664437144999,0.015236094925368588
slope_norm,0.007108035968776671,0.010504807353814616
edge_growth_slope,0.004718942005726023,0.012762926558211138
arima_forecast_ratio,0.0033102043018742385,0.017001758536184672
sent_pos_frac,0.002355991600265665,0.010329853658319187
betweenness_gini,0.0018469101425361142,0.003655127508712245
accel_norm,0.0008128121250293645,0.005453263837434674
edge_node_ratio_final,0.0002636315419121349,0.007209306999162176
