total_count,tweet_count,unique_users,n_nodes,n_edges,density,edges_per_tweet,max_in_degree,mean_in_degree,max_out_degree,n_components,largest_wcc_frac,mean_component_size,reciprocity,pagerank_gini,max_pagerank,mean_clustering,topic,label
1461,150,51,56,50,0.016233766233766232,0.3333333333333333,45,0.8928571428571429,3,6,0.9107142857142857,9.333333333333334,0.0,0.39664675055521065,0.3968966212263864,0.0,#PorTuCaraDeMartes,1
2247,150,145,217,118,0.002517494452978324,0.7866666666666666,7,0.543778801843318,8,113,0.041474654377880185,1.920353982300885,0.03389830508474576,0.19146035445176082,0.024570938420582777,0.04086021505376344,Manolas.csv,1
14832,150,143,200,118,0.002964824120603015,0.7866666666666666,18,0.59,5,95,0.15,2.1052631578947367,0.03389830508474576,0.23745871036268218,0.048463576370347074,0.04277661064425771,Rakitic.csv,1
298,150,63,104,93,0.00868185212845407,0.62,12,0.8942307692307693,16,32,0.5769230769230769,3.25,0.0,0.16888360159225715,0.06605363694933515,0.07997441221423121,#BuhoComoTu25F,1
1365,150,138,191,59,0.0016257922292642602,0.3933333333333333,3,0.3089005235602094,12,132,0.08900523560209424,1.446969696969697,0.0,0.09026939200250023,0.01261995592192825,0.0,#pandemia,1
268,150,93,139,131,0.006829319153372954,0.8733333333333333,40,0.9424460431654677,6,37,0.6834532374100719,3.7567567567567566,0.04580152671755725,0.34849562127601025,0.10401895872621768,0.12540047092498155,#FIMA2020,1
19433,150,99,104,28,0.0026138909634055266,0.18666666666666668,21,0.2692307692307692,2,78,0.25,1.3333333333333333,0.0,0.15558258772140013,0.13880449763404748,0.0,#RoséEnSaintLaurent.csv,1
7951,150,123,171,66,0.0022703818369453044,0.44,9,0.38596491228070173,12,107,0.15789473684210525,1.5981308411214954,0.0,0.11295876002703281,0.03259174889666882,0.0,#VinadelMar2020,1
1198,150,143,203,68,0.001658293908208555,0.4533333333333333,3,0.33497536945812806,12,135,0.06403940886699508,1.5037037037037038,0.0,0.1234018648793529,0.014871930319884383,0.0,Venecia,1
3340,150,129,225,155,0.0030753968253968253,1.0333333333333334,39,0.6888888888888889,49,84,0.28888888888888886,2.6785714285714284,0.0,0.17758486410618377,0.08572332399842456,0.0,Katy Perry.csv,1
1061,150,142,196,88,0.002302459445316588,0.5866666666666667,6,0.4489795918367347,8,129,0.05612244897959184,1.5193798449612403,0.0,0.14025381934155517,0.01317615659330292,0.015306122448979591,Marcos Alonso.csv,1
813,150,111,158,51,0.0020559542046279127,0.34,2,0.3227848101265823,6,108,0.0759493670886076,1.462962962962963,0.0,0.08989634369720786,0.015207241436279913,0.0,#FelizLunes,1
8218,150,131,163,73,0.002764523214420965,0.4866666666666667,15,0.44785276073619634,10,109,0.25766871165644173,1.4954128440366972,0.0,0.13405882352423773,0.0413757622020242,0.020449897750511245,#napbar.csv,1
1473,150,145,148,129,0.005929398786541644,0.86,126,0.8716216216216216,2,19,0.8783783783783784,7.7894736842105265,0.0,0.4168380929895202,0.4187321889077724,0.0,#ChollometroATope,1
178,150,144,220,111,0.002303860523038605,0.74,5,0.5045454545454545,14,121,0.1318181818181818,1.8181818181818181,0.018018018018018018,0.17190571118597112,0.023587322684408628,0.014826839826839827,Mateu Lahoz,1
2714,150,140,172,67,0.002277981776145791,0.44666666666666666,5,0.38953488372093026,3,112,0.05232558139534884,1.5357142857142858,0.029850746268656716,0.17750201373960273,0.022637110217361905,0.03837209302325581,the high republic,1
706,150,130,163,38,0.0014390668787396803,0.25333333333333335,2,0.2331288343558282,3,125,0.024539877300613498,1.304,0.0,0.10373934452763371,0.014520496228035838,0.0,Alexander-Arnold,1
13819,150,141,262,126,0.0018425901553040273,0.84,2,0.48091603053435117,48,137,0.18702290076335878,1.9124087591240877,0.0,0.1123253175224202,0.008818449541297875,0.0,Gripe,1
2054,150,37,47,49,0.022664199814986123,0.32666666666666666,5,1.0425531914893618,11,15,0.6808510638297872,3.1333333333333333,0.12244897959183673,0.18749123141905874,0.04713025276498215,0.10106382978723404,#QuéHasHechoCanDivinity.csv,1
5146,150,144,275,139,0.0018447246184472462,0.9266666666666666,3,0.5054545454545455,48,136,0.1781818181818182,2.0220588235294117,0.0,0.10449143317341633,0.011211720017339694,0.0,La OMS,1
613,150,77,119,44,0.0031334567725395243,0.29333333333333333,2,0.3697478991596639,10,75,0.09243697478991597,1.5866666666666667,0.0,0.1002202633156554,0.02427542590984744,0.0,#coronavirusarv,1
6048,150,128,230,131,0.002487184355420543,0.8733333333333333,5,0.5695652173913044,6,106,0.05652173913043478,2.169811320754717,0.030534351145038167,0.18613614796881764,0.02128510733922901,0.03985507246376811,Ebola,1
2794,150,138,254,144,0.002240826616040584,0.96,3,0.5669291338582677,14,123,0.18110236220472442,2.065040650406504,0.06944444444444445,0.1608881175483654,0.020714024541863822,0.017716535433070866,Canarias,1
1830,150,141,202,86,0.002118122259987193,0.5733333333333334,8,0.42574257425742573,15,125,0.16336633663366337,1.616,0.023255813953488372,0.12771932852513268,0.02185786821142875,0.021947194719471947,Jurassic World.csv,1
202,150,45,54,15,0.005241090146750524,0.1,3,0.2777777777777778,4,40,0.09259259259259259,1.35,0.0,0.13234548158824702,0.05571995635773552,0.05555555555555555,#PelisConPandemia,1
439,150,114,142,110,0.005493956647687544,0.7333333333333333,21,0.7746478873239436,9,74,0.38028169014084506,1.9189189189189189,0.0,0.24206029977912158,0.06323228658258391,0.04024026975829865,#EscuchandoExtremadura.csv,1
2255,150,140,286,219,0.002686786897313213,1.46,6,0.7657342657342657,50,105,0.17832167832167833,2.723809523809524,0.045662100456621,0.1974195517339294,0.023584447820154827,0.048618048618048616,Ospina.csv,1
648,150,93,102,17,0.0016501650165016502,0.11333333333333333,3,0.16666666666666666,4,85,0.0784313725490196,1.2,0.0,0.07111270916545645,0.02443368358145721,0.0,#preciosjustos,1
2099,150,143,277,139,0.0018181342541725527,0.9266666666666666,2,0.5018050541516246,11,139,0.04693140794223827,1.9928057553956835,0.0,0.12364457769642762,0.008006257723848664,0.010830324909747292,Las Mesas,1
2174,150,142,152,31,0.001350644823980481,0.20666666666666667,6,0.20394736842105263,3,121,0.11842105263157894,1.256198347107438,0.0,0.1244776598946761,0.03243986849189121,0.0,Bob Chapek.csv,1
1013,150,143,213,81,0.0017937815572681372,0.54,3,0.38028169014084506,11,135,0.056338028169014086,1.5777777777777777,0.024691358024691357,0.11996407484471243,0.011426730693921262,0.01455399061032864,Murga,1
1600,150,138,201,105,0.0026119402985074628,0.7,19,0.5223880597014925,18,112,0.208955223880597,1.7946428571428572,0.0,0.14273537337918532,0.043458972507641934,0.0,#YNWA,1
38222,150,146,305,171,0.0018442622950819673,1.14,4,0.5606557377049181,36,138,0.16721311475409836,2.210144927536232,0.0,0.10088682337042103,0.007793991652371024,0.003311215196461098,Itália,1
431,150,140,183,80,0.002401969615084369,0.5333333333333333,13,0.4371584699453552,6,123,0.22404371584699453,1.4878048780487805,0.025,0.11523122020050469,0.026916342107851893,0.006640445165035328,Willy Caballero.csv,1
22189,150,143,228,86,0.001661643094520442,0.5733333333333334,2,0.37719298245614036,11,142,0.05263157894736842,1.6056338028169015,0.0,0.09825670035447696,0.007735235792084298,0.0,#Coronavirius,1
337,150,135,164,32,0.0011970671853957803,0.21333333333333335,3,0.1951219512195122,5,132,0.036585365853658534,1.2424242424242424,0.0,0.09000556176908048,0.019431017804187514,0.0,#VAMOSAMORIRTODOS,1
18874,150,126,133,62,0.0035315561631351104,0.41333333333333333,32,0.46616541353383456,4,76,0.43609022556390975,1.75,0.0,0.23814956654323544,0.14292968033166575,0.0,#7ONAIR,1
1407,150,115,130,19,0.0011329755515802028,0.12666666666666668,2,0.14615384615384616,3,111,0.06153846153846154,1.1711711711711712,0.0,0.07136849185170072,0.01914155048557691,0.0,#TheWalkingDead,1
169,150,106,142,59,0.0029467585655778643,0.3933333333333333,8,0.4154929577464789,8,90,0.21830985915492956,1.5777777777777777,0.0,0.13771966772077837,0.0240830736172151,0.009674714956405097,Panathinaikos,1
264,150,134,153,86,0.00369797041623667,0.5733333333333334,49,0.5620915032679739,3,72,0.35947712418300654,2.125,0.06976744186046512,0.3332276117030395,0.19164253939811812,0.02505446623093682,Complutense,1
11109,150,134,266,140,0.0019860973187686196,0.9333333333333333,4,0.5263157894736842,39,126,0.15037593984962405,2.111111111111111,0.0,0.12364011872820421,0.013879623443502803,0.0,Milán,1
236,150,122,150,61,0.0027293064876957496,0.4066666666666667,8,0.4066666666666667,6,92,0.2733333333333333,1.6304347826086956,0.03278688524590164,0.1504783979326852,0.026753471225958222,0.0013492063492063493,John Newman,1
357,150,130,199,79,0.002004974366783412,0.5266666666666666,2,0.3969849246231156,16,123,0.08542713567839195,1.6178861788617886,0.0,0.10312554110212654,0.012907801820748254,0.03015075376884422,#energia,1
10577,150,128,291,174,0.002061855670103093,1.16,4,0.5979381443298969,48,120,0.16838487972508592,2.425,0.0,0.11934086249281563,0.012780525128947848,0.0,Bradley ,1
4146,150,88,140,96,0.004933196300102775,0.64,13,0.6857142857142857,10,55,0.11428571428571428,2.5454545454545454,0.1875,0.37297633886479087,0.11444422564665065,0.0,Ansu.csv,1
309,150,112,148,47,0.0021603235888950174,0.31333333333333335,4,0.31756756756756754,4,105,0.04054054054054054,1.4095238095238096,0.0,0.1239667384017716,0.024446559728647812,0.04617117117117117,Vila-real.csv,1
11987,150,134,230,196,0.0037212834630719577,1.3066666666666666,7,0.8521739130434782,14,112,0.08260869565217391,2.0535714285714284,0.04081632653061224,0.13766585862410421,0.015499272503726028,0.09123270449357405,Lewandowski.csv,1
230,150,69,100,75,0.007575757575757576,0.5,9,0.75,7,48,0.33,2.0833333333333335,0.02666666666666667,0.24421128070805764,0.0644328057598688,0.10804761904761906,#CMin,1
9633,150,124,127,19,0.0011873515810523684,0.12666666666666668,14,0.14960629921259844,2,111,0.12598425196850394,1.1441441441441442,0.0,0.09013374920856378,0.08014384973088104,0.0,#Fiesta1stwin,1
473,150,144,150,281,0.012572706935123043,1.8733333333333333,136,1.8733333333333333,4,9,0.9466666666666667,16.666666666666668,0.0,0.5172230214503656,0.33852159550180666,0.8802033405954974,#Medusa2020,1
596,150,141,297,183,0.002081627081627082,1.22,3,0.6161616161616161,17,121,0.06060606060606061,2.4545454545454546,0.0,0.12787939123801753,0.007456514288092546,0.021885521885521887,el holocausto,1
6239,150,137,200,272,0.006834170854271356,1.8133333333333332,42,1.36,12,81,0.375,2.4691358024691357,0.022058823529411766,0.2262034073211947,0.04288110526499766,0.04163123394220955,Alphonso Davies.csv,1
630,150,137,149,212,0.009613640486123707,1.4133333333333333,101,1.4228187919463087,4,37,0.7516778523489933,4.027027027027027,0.0,0.36194599441805064,0.1812406772098791,0.0,#ASUSWeekEnPcComponentes,1
934,150,116,137,79,0.004240017174753113,0.5266666666666666,41,0.5766423357664233,4,67,0.34306569343065696,2.044776119402985,0.12658227848101267,0.4156393854202055,0.14172181095488806,0.03391490119280755,Reconquista,1
366,150,140,186,64,0.0018599244405696018,0.4266666666666667,7,0.34408602150537637,6,123,0.04838709677419355,1.5121951219512195,0.03125,0.19221347312288328,0.02739376906548807,0.0,Patito Feo,1
3152,150,139,200,90,0.0022613065326633165,0.6,11,0.45,5,121,0.135,1.6528925619834711,0.022222222222222223,0.14457516968234674,0.024988977515776407,0.0225,Stamford Bridge.csv,1
7233,150,72,133,62,0.0035315561631351104,0.41333333333333333,2,0.46616541353383456,6,71,0.06015037593984962,1.8732394366197183,0.0,0.13294256303278246,0.012049025873336564,0.0,casado,1
19345,150,72,120,48,0.0033613445378151263,0.32,1,0.4,15,72,0.13333333333333333,1.6666666666666667,0.0,0.10092622266235943,0.013420754944114214,0.0,Tenerife,1
5098,150,136,202,71,0.0017486823309196592,0.47333333333333333,2,0.35148514851485146,4,133,0.024752475247524754,1.518796992481203,0.028169014084507043,0.1280983969663555,0.011061978928208059,0.011551155115511552,plague ,1
1512,150,143,173,43,0.001445086705202312,0.2866666666666667,4,0.24855491329479767,6,130,0.06936416184971098,1.3307692307692307,0.0,0.11418532465505488,0.018955576588700358,0.0,#kobememorial,1
205,150,83,123,104,0.006930561108889777,0.6933333333333334,26,0.8455284552845529,7,47,0.5203252032520326,2.617021276595745,0.0,0.2105675249538646,0.09198880602877117,0.03632456973920388,#LaNoche24h,1
570,150,107,130,41,0.002444841979725701,0.2733333333333333,4,0.3153846153846154,3,100,0.038461538461538464,1.3,0.2926829268292683,0.24252509805527836,0.04620681538240869,0.05641025641025641,Mc 9,1
12304,150,126,214,93,0.0020402790575227065,0.62,4,0.43457943925233644,12,121,0.06074766355140187,1.7685950413223142,0.0,0.0966488152722314,0.010538868871450897,0.0,#COVIDー19,1
174,150,137,177,198,0.006355932203389831,1.32,49,1.11864406779661,9,71,0.4689265536723164,2.492957746478873,0.030303030303030304,0.26337463360287555,0.09060152907833087,0.11601662173443071,Def con Dos,1
3729,150,125,138,28,0.0014810113191579392,0.18666666666666668,7,0.2028985507246377,5,115,0.10869565217391304,1.2,0.0,0.09191891262515814,0.03678147243089731,0.015458937198067632,#ProjectLuminous,1
510,150,26,41,47,0.028658536585365855,0.31333333333333335,4,1.146341463414634,13,10,0.7804878048780488,4.1,0.0,0.10089877407820877,0.04906364641525038,0.18060394889663184,#DondeEstabasEntonces.csv,1
223,150,139,146,25,0.0011809163911195087,0.16666666666666666,7,0.17123287671232876,2,122,0.0684931506849315,1.1967213114754098,0.0,0.10764025989491119,0.03445753936337818,0.0,World Press Photo 2020,1
453,150,129,143,28,0.0013789027873534916,0.18666666666666668,5,0.1958041958041958,3,116,0.06293706293706294,1.2327586206896552,0.0,0.10794962369289253,0.02979539678940455,0.005827505827505827,Hugo e Ivana.csv,1
46821,150,143,320,178,0.001743730407523511,1.1866666666666668,2,0.55625,24,142,0.078125,2.2535211267605635,0.0,0.11611326194791612,0.005559022638591844,0.0,force,1
635,150,148,217,78,0.0016641065028161802,0.52,3,0.35944700460829493,5,139,0.041474654377880185,1.5611510791366907,0.0,0.1346380319465407,0.010236404046502078,0.0,fabianski,1
162,150,130,169,52,0.0018315018315018315,0.3466666666666667,5,0.3076923076923077,3,118,0.047337278106508875,1.4322033898305084,0.038461538461538464,0.1675092305830934,0.03139797302001345,0.0,puerto real,1
270,150,103,110,14,0.0011676396997497916,0.09333333333333334,3,0.12727272727272726,2,97,0.05454545454545454,1.134020618556701,0.0,0.08722967127667286,0.04070314884180196,0.013636363636363636,#DragonQuestoftheStars,1
722,150,44,58,42,0.012704174228675136,0.28,24,0.7241379310344828,4,17,0.603448275862069,3.411764705882353,0.0,0.304367792764971,0.23356811102270789,0.0,#LaEspañaQueQueremos,1
1742,150,145,205,66,0.0015781922525107603,0.44,4,0.32195121951219513,5,139,0.02926829268292683,1.474820143884892,0.0,0.13024422638661648,0.018024766467399707,0.0,Bardo,1
275,150,138,193,57,0.0015382124352331607,0.38,2,0.29533678756476683,10,136,0.05699481865284974,1.4191176470588236,0.0,0.07679002508150633,0.009826421922814282,0.0,#MiercolesDeCeniza.csv,1
166,150,146,229,123,0.0023557802803953116,0.82,34,0.537117903930131,10,107,0.1615720524017467,2.1401869158878504,0.016260162601626018,0.20430098677645647,0.09589717966224766,0.0,Patrimonio Nacional,1
152,150,147,153,11,0.00047299621603027174,0.07333333333333333,4,0.0718954248366013,2,142,0.032679738562091505,1.0774647887323943,0.0,0.051014305915425794,0.027244384773164432,0.0,Diego Armando Simeone.csv,1
612,150,142,192,64,0.0017452006980802793,0.4266666666666667,5,0.3333333333333333,4,131,0.03125,1.465648854961832,0.0,0.1418921211738454,0.022574625073820263,0.012152777777777776,George Clooney,1
23345,150,140,270,152,0.002092799118821424,1.0133333333333334,6,0.562962962962963,28,126,0.10740740740740741,2.142857142857143,0.05263157894736842,0.23087947976122708,0.026532219807575363,0.011111111111111112,Junior.csv,1
407,150,88,94,8,0.0009151223976206818,0.05333333333333334,2,0.0851063829787234,1,86,0.031914893617021274,1.0930232558139534,0.0,0.06297319939823247,0.02678527207701536,0.0,#AskJavy,1
4837,150,113,171,98,0.003371173030615755,0.6533333333333333,14,0.5730994152046783,18,88,0.1111111111111111,1.9431818181818181,0.1836734693877551,0.36639455217344935,0.06528244323476552,0.0480089111668059,Duffy.csv,1
3483,150,125,213,263,0.005824253698290371,1.7533333333333334,82,1.2347417840375587,9,39,0.7276995305164319,5.461538461538462,0.022813688212927757,0.2524255896061108,0.10774459394938059,0.04140415568332664,Estrella Morente,1
549,150,145,173,47,0.0015795133754536901,0.31333333333333335,11,0.27167630057803466,6,126,0.14450867052023122,1.373015873015873,0.0,0.11978381746702554,0.04857560543434743,0.0,Comisión del CNI,1
83761,150,143,147,130,0.00605721740751095,0.8666666666666667,75,0.8843537414965986,3,61,0.5918367346938775,2.4098360655737703,0.0,0.3203913593654024,0.20713149430668953,0.0,#BTSonFallon,1
7457,150,143,274,148,0.0019785567230822705,0.9866666666666667,3,0.5401459854014599,32,135,0.15693430656934307,2.0296296296296297,0.0,0.09351904020687501,0.008670758126309082,0.0,#MeToo,1
7588,150,146,174,36,0.001195933824995017,0.24,3,0.20689655172413793,4,138,0.04597701149425287,1.2608695652173914,0.0,0.11255982253719982,0.017795300631995914,0.0,Katherine Johnson,1
156,150,66,130,66,0.003935599284436494,0.44,2,0.5076923076923077,21,64,0.16923076923076924,2.03125,0.0,0.11296797186003363,0.017652526200148715,0.0,#CalimaCanarias,1
174,150,74,86,150,0.02051983584131327,1.0,69,1.744186046511628,5,6,0.9418604651162791,14.333333333333334,0.0,0.3942345379352098,0.19955927358783115,0.015513788933166794,#AndaSeatEnFnac,1
2554,150,149,161,13,0.0005046583850931677,0.08666666666666667,2,0.08074534161490683,2,148,0.018633540372670808,1.087837837837838,0.0,0.0473127015479282,0.01592912803926875,0.0,#MambaForever,1
5396,150,147,161,24,0.0009316770186335404,0.16,11,0.14906832298136646,2,137,0.08074534161490683,1.1751824817518248,0.0,0.09912865900484223,0.05523197667122374,0.0,Michael Jordan,1
1657,150,138,195,64,0.0016917790113666403,0.4266666666666667,3,0.3282051282051282,9,132,0.06666666666666667,1.4772727272727273,0.0,0.11254455275607168,0.015736824975733633,0.0,Resident Evil 3,1
638,150,135,157,23,0.0009390821492732321,0.15333333333333332,1,0.1464968152866242,3,134,0.025477707006369428,1.171641791044776,0.0,0.07432879239483514,0.010790000640834902,0.0,#PlacidoDomingo,1
11481,150,129,185,111,0.003260869565217391,0.74,7,0.6,12,108,0.07027027027027027,1.712962962962963,0.07207207207207207,0.19979292321952108,0.028583444799695226,0.05847665847665848,Lampard.csv,1
167,150,55,58,64,0.019358741681790685,0.4266666666666667,39,1.103448275862069,3,13,0.7931034482758621,4.461538461538462,0.03125,0.39484356804618753,0.27630106028942575,0.06675973754013681,#QueNoTeRobenTuLibertad,1
12948,150,137,232,173,0.003228093745335125,1.1533333333333333,13,0.7456896551724138,22,115,0.11637931034482758,2.017391304347826,0.046242774566473986,0.199213813494477,0.021647532652874467,0.02032414424655804,Wizards,1
1397,150,107,185,97,0.0028495887191539366,0.6466666666666666,5,0.5243243243243243,8,96,0.07027027027027027,1.9270833333333333,0.061855670103092786,0.1434294410201396,0.012404505477670606,0.04738738738738738,Tavares,1
35210,150,132,152,29,0.0012635064482398048,0.19333333333333333,5,0.19078947368421054,4,124,0.05263157894736842,1.2258064516129032,0.0,0.07594668281508302,0.026568767106040603,0.0,#MonLaferte,1
307,150,74,86,76,0.01039671682626539,0.5066666666666667,52,0.8837209302325582,6,17,0.7674418604651163,5.0588235294117645,0.0,0.3744227131951854,0.3160696247447423,0.005499265895982722,#LaCafeteraPANDMiedo,1
212,150,149,149,147,0.006666062035189552,0.98,147,0.9865771812080537,1,2,0.9932885906040269,74.5,0.0,0.4530103041220245,0.4597217135179979,0.0,#ResultadoAEA,1
532,150,87,167,95,0.0034268811774042277,0.6333333333333333,4,0.5688622754491018,36,78,0.2215568862275449,2.141025641025641,0.08421052631578947,0.1494810231055818,0.025423789094930264,0.01716566866267465,vall,1
778,150,117,211,194,0.004378244188670729,1.2933333333333332,36,0.919431279620853,25,69,0.3933649289099526,3.0579710144927534,0.07216494845360824,0.2195313222696728,0.07087136639789376,0.11015195967802602,Koulibaly.csv,1
23259,150,135,247,200,0.003291530891017412,1.3333333333333333,20,0.8097165991902834,12,81,0.19433198380566802,3.049382716049383,0.02,0.2266702649507931,0.026967320141027498,0.07629329734592892,Vidal.csv,1
1128,150,144,217,116,0.002474825055470217,0.7733333333333333,14,0.5345622119815668,5,114,0.2350230414746544,1.9035087719298245,0.0,0.16618968416638072,0.025908065804878238,0.009267230465387147,Vamos Barça.csv,1
1262,150,148,174,31,0.00102983190485682,0.20666666666666667,4,0.1781609195402299,2,143,0.028735632183908046,1.2167832167832169,0.0,0.11171498105399841,0.02205624028640097,0.0,Junior Firpo.csv,1
1292,150,118,228,202,0.0039029291289898755,1.3466666666666667,15,0.8859649122807017,10,65,0.4824561403508772,3.5076923076923077,0.019801980198019802,0.17202269501181833,0.019520505637077395,0.05175090504037872,#TechSpiritBarcelona,1
7130,150,139,244,214,0.0036092558861229172,1.4266666666666667,13,0.8770491803278688,13,95,0.1762295081967213,2.568421052631579,0.009345794392523364,0.20074040483847838,0.026317260301645534,0.0199978982765868,Giroud.csv,1
153,150,94,132,58,0.003354152209114041,0.38666666666666666,8,0.4393939393939394,10,78,0.1893939393939394,1.6923076923076923,0.0,0.13065460078482205,0.03158980536234501,0.006902356902356902,Joan Guix,1
341,150,53,93,226,0.026414212248714354,1.5066666666666666,20,2.4301075268817205,27,11,0.8709677419354839,8.454545454545455,0.0,0.28798885817700914,0.08503803482283753,0.07104802463461207,#ViviendaPorDerecho,1
163,150,57,81,170,0.026234567901234566,1.1333333333333333,37,2.0987654320987654,14,9,0.9012345679012346,9.0,0.011764705882352941,0.3808886291248668,0.14096578953759653,0.22725027285704982,#WiM20.csv,1
385,150,99,173,101,0.003394273423847291,0.6733333333333333,6,0.5838150289017341,28,77,0.1676300578034682,2.2467532467532467,0.07920792079207921,0.22225122228293953,0.028307032259408855,0.0,Navarrete,1
278,150,150,186,40,0.0011624527753560012,0.26666666666666666,2,0.21505376344086022,8,147,0.06989247311827956,1.2653061224489797,0.0,0.05249861779884791,0.009348089087737717,0.0,amarilla a messi.csv,1
4787,150,139,218,157,0.003318817908933328,1.0466666666666666,8,0.7201834862385321,10,101,0.06422018348623854,2.1584158415841586,0.050955414012738856,0.25878011438444193,0.02378839080990646,0.05245740498034076,Semedo.csv,1
4028,150,117,205,99,0.002367288378766141,0.66,5,0.48292682926829267,19,110,0.0975609756097561,1.8636363636363635,0.04040404040404041,0.15194861368256973,0.026225314747742805,0.014634146341463415,Alfonso ,1
670,150,143,160,21,0.0008254716981132076,0.14,2,0.13125,2,139,0.025,1.1510791366906474,0.0,0.08230465173202997,0.015327940700381371,0.0,Iraj Harirchi,1
695,150,117,134,28,0.0015710919088766694,0.18666666666666668,8,0.208955223880597,4,106,0.08955223880597014,1.2641509433962264,0.0,0.1056128411146012,0.04321309539314873,0.0,#LIVWHU,1
856,150,146,184,41,0.0012176288904727963,0.2733333333333333,2,0.22282608695652173,4,143,0.02717391304347826,1.2867132867132867,0.0,0.1082568283664059,0.012784609711365321,0.0,Red Dead Redemption,1
26969,150,137,245,151,0.0025259284041485447,1.0066666666666666,24,0.6163265306122448,16,102,0.2897959183673469,2.4019607843137254,0.026490066225165563,0.18988881348860692,0.036786087207722376,0.021466035689638174,Gaga.csv,1
9568,150,140,197,265,0.006863151351911323,1.7666666666666666,50,1.3451776649746192,20,83,0.5329949238578681,2.3734939759036147,0.01509433962264151,0.20848005388780186,0.07494045653837332,0.0452890055548073,Bradley Beal,1
300,150,62,92,127,0.015169612995699952,0.8466666666666667,28,1.3804347826086956,12,20,0.7391304347826086,4.6,0.047244094488188976,0.3425891203586851,0.13541668600977175,0.16881393674871936,#SemanadelSeguro,1
390,150,136,217,89,0.0018987881891107698,0.5933333333333334,2,0.41013824884792627,53,130,0.2488479262672811,1.6692307692307693,0.0,0.07402209460232813,0.011402189343925584,0.015360983102918585,Bolivia y Ecuador,1
3666,150,106,158,93,0.003749092961380311,0.62,15,0.5886075949367089,10,76,0.13291139240506328,2.0789473684210527,0.1935483870967742,0.32561548262479384,0.08295756772036572,0.026160337552742618,Kamen,1
4478,150,145,206,82,0.001941747572815534,0.5466666666666666,7,0.39805825242718446,6,128,0.04854368932038835,1.609375,0.0,0.13371385858575846,0.028256530950330906,0.0,Bob Iger.csv,1
823,150,134,266,267,0.003787771315080153,1.78,6,1.0037593984962405,48,112,0.2932330827067669,2.375,0.0149812734082397,0.14295023197278087,0.018962011277527297,0.10329898236690292,María Jesús.csv,1
2888,150,143,164,77,0.0028804429148585964,0.5133333333333333,42,0.4695121951219512,11,90,0.4024390243902439,1.8222222222222222,0.025974025974025976,0.31775129742613784,0.1421646575815128,0.013631391297301678,Mario Bunge,1
4366,150,129,224,133,0.002662556053811659,0.8866666666666667,4,0.59375,6,105,0.06696428571428571,2.1333333333333333,0.07518796992481203,0.27527943805009303,0.03741225865954324,0.055059523809523815,Umtiti.csv,1
4568,150,147,194,56,0.0014956466000747824,0.37333333333333335,5,0.28865979381443296,8,140,0.08247422680412371,1.3857142857142857,0.0,0.1099255696642857,0.013846397557846096,0.007731958762886598,Chelsea-Bayern.csv,1
1061,150,142,215,158,0.003434036079113236,1.0533333333333332,21,0.7348837209302326,13,98,0.26976744186046514,2.193877551020408,0.012658227848101266,0.18237662357979523,0.033599288876422044,0.10454893943266036,Igea,1
408,150,79,98,41,0.004313065432358511,0.2733333333333333,11,0.41836734693877553,8,60,0.3469387755102041,1.6333333333333333,0.0,0.13799113785304828,0.06431374296278157,0.0,#yoveosálvame.csv,1
1145,150,135,201,107,0.0026616915422885573,0.7133333333333334,11,0.5323383084577115,4,95,0.08955223880597014,2.1157894736842104,0.0,0.21338728678603394,0.05442644526097841,0.0,Iturgaiz,1
793,150,83,97,60,0.006443298969072165,0.4,23,0.6185567010309279,4,55,0.4020618556701031,1.7636363636363637,0.0,0.2139802170837675,0.0976993781339287,0.0,#Giandara25F,1
321,150,134,219,103,0.002157429516987139,0.6866666666666666,4,0.4703196347031963,20,118,0.0958904109589041,1.8559322033898304,0.0,0.139919127536057,0.016458648129424082,0.0,El Consejo de Ministros,1
420,150,107,121,19,0.0013085399449035812,0.12666666666666668,5,0.15702479338842976,4,102,0.049586776859504134,1.1862745098039216,0.0,0.08844789338224138,0.03925273899490691,0.0,adam yates,1
216,150,141,209,129,0.0029674273095325727,0.86,21,0.6172248803827751,11,90,0.2822966507177033,2.3222222222222224,0.015503875968992248,0.2647047048341541,0.05244584232240422,0.027931717405401613,Antonio Burgos,1
1997,150,142,335,216,0.0019304674233622309,1.44,3,0.6447761194029851,18,121,0.09253731343283582,2.768595041322314,0.0,0.12198805869090576,0.0066078876660943435,0.008955223880597015,el constitucional,1
196,150,85,129,100,0.006056201550387597,0.6666666666666666,31,0.7751937984496124,5,49,0.3178294573643411,2.63265306122449,0.08,0.5760484199938491,0.26589743788893067,0.0796056156896367,Costra.csv,1
745,150,94,100,14,0.0014141414141414141,0.09333333333333334,4,0.14,3,86,0.1,1.1627906976744187,0.0,0.0976942347246784,0.03767847849877431,0.0,#maestrosdelacostura,1
8843,150,141,143,131,0.00645129518368955,0.8733333333333333,126,0.916083916083916,3,15,0.8951048951048951,9.533333333333333,0.0,0.4290963216521262,0.4273426512358282,0.027974691974691976,#CandyMan,1
96728,150,144,316,243,0.00244122965641953,1.62,4,0.7689873417721519,30,134,0.0981012658227848,2.3582089552238807,0.03292181069958848,0.13041805833438633,0.0113138516922706,0.09935871676378007,China,1
251,150,123,231,210,0.003952569169960474,1.4,8,0.9090909090909091,49,97,0.21645021645021645,2.381443298969072,0.1523809523809524,0.1343667358452907,0.022500394897015392,0.06390365412921804,Caprile,1
16369,150,145,190,152,0.004232804232804233,1.0133333333333334,45,0.8,4,84,0.2578947368421053,2.261904761904762,0.039473684210526314,0.3382379135045973,0.06668986075358539,0.0,Mertens.csv,1
268,150,17,18,9,0.029411764705882353,0.06,9,0.5,1,9,0.5555555555555556,2.0,0.0,0.28167464642235873,0.33723020197791415,0.0,#votatranquiloel15m,0
182,150,126,221,114,0.0023447141094199916,0.76,3,0.5158371040723982,10,118,0.049773755656108594,1.8728813559322033,0.05263157894736842,0.10677076980436741,0.01367379535273397,0.04615384615384615,#seguridad,0
552,150,70,110,40,0.003336113427856547,0.26666666666666666,1,0.36363636363636365,5,70,0.05454545454545454,1.5714285714285714,0.0,0.09703396740984765,0.014665461511550563,0.0,#video,0
158,150,86,111,46,0.0037674037674037676,0.30666666666666664,5,0.4144144144144144,4,70,0.3153153153153153,1.5857142857142856,0.0,0.12752605938361614,0.02285162304405695,0.0,#uefachampionsleague,0
219,150,107,138,36,0.001904157410345922,0.24,2,0.2608695652173913,6,103,0.07246376811594203,1.3398058252427185,0.0,0.09937285206373678,0.012710311319845595,0.0,#barça,0
234,150,124,187,63,0.001811281697429705,0.42,1,0.33689839572192515,12,124,0.06951871657754011,1.5080645161290323,0.0,0.09209395141745488,0.008740980785303271,0.0,#buenmartes,0
262,150,111,197,159,0.004117890811146794,1.06,8,0.8071065989847716,13,71,0.5786802030456852,2.7746478873239435,0.0,0.13185966147059233,0.014943961463224076,0.00304238908299822,#sosnicaragua,0
294,150,111,148,88,0.004044861187718331,0.5866666666666667,19,0.5945945945945946,6,73,0.44594594594594594,2.0273972602739727,0.0,0.1825546279330586,0.06087195356527785,0.0,#buap,0
185,150,118,255,214,0.0033039987648602748,1.4266666666666667,20,0.8392156862745098,11,54,0.48627450980392156,4.722222222222222,0.0,0.1872658742288692,0.04510206164620183,0.00849673202614379,#cacas,0
207,150,98,126,43,0.0027301587301587302,0.2866666666666667,5,0.3412698412698413,4,83,0.1349206349206349,1.5180722891566265,0.0,0.13831680156758555,0.030740844200716377,0.0,#supervivientes2020,0
498,150,129,199,92,0.002334906857519923,0.6133333333333333,8,0.4623115577889447,18,110,0.2613065326633166,1.809090909090909,0.0,0.12334311966270203,0.015447268916344549,0.0,#españa,0
163,150,117,159,48,0.0019106759016001911,0.32,4,0.3018867924528302,5,112,0.05660377358490566,1.4196428571428572,0.0,0.10788654303445899,0.01632095800056705,0.0,#coronavirusespaña,0
393,150,83,197,242,0.006267481611934114,1.6133333333333333,10,1.2284263959390862,23,57,0.37055837563451777,3.456140350877193,0.1652892561983471,0.10688127939816215,0.011799972513788387,0.07802068134021113,#nicaragua,0
188,150,24,26,26,0.04,0.17333333333333334,17,1.0,2,7,0.7692307692307693,3.7142857142857144,0.0,0.3606823909342989,0.29709475509156946,0.1277714932126697,#soyresidenteimss,0
169,150,136,249,135,0.0021861640108822387,0.9,4,0.5421686746987951,11,115,0.1285140562248996,2.1652173913043478,0.0,0.13138728445795317,0.012100071958575025,0.0,#apruebo,0
212,150,127,243,157,0.0026697955990885283,1.0466666666666666,10,0.6460905349794238,6,94,0.27983539094650206,2.5851063829787235,0.0,0.14781080708235453,0.016514563920776135,0.0,#rechazo,0
210,150,126,245,152,0.002542656406825025,1.0133333333333334,10,0.6204081632653061,11,98,0.1346938775510204,2.5,0.0,0.13781284025067225,0.0177152353928142,0.0,#yovotorechazo,0
350,150,128,232,118,0.002201821167338409,0.7866666666666666,6,0.5086206896551724,11,116,0.1206896551724138,2.0,0.0,0.11451678423227708,0.013003000586433238,0.0,#chile,0
205,150,121,156,54,0.0022332506203473945,0.36,7,0.34615384615384615,8,104,0.20512820512820512,1.5,0.0,0.1242824352122959,0.031071614025449983,0.0,#napolibarcelona,0
223,150,131,231,130,0.0024468285337850555,0.8666666666666667,17,0.5627705627705628,7,103,0.29004329004329005,2.2427184466019416,0.0,0.13636032497156317,0.035073414981809256,0.0011862320685850096,#amlo,0
653,150,110,153,80,0.0034399724802201583,0.5333333333333333,9,0.5228758169934641,6,86,0.27450980392156865,1.7790697674418605,0.0,0.15585203064793132,0.028266228027314568,0.012636165577342049,#napolibarça,0
327,150,138,232,109,0.00203388565457531,0.7266666666666667,4,0.4698275862068966,9,124,0.06896551724137931,1.8709677419354838,0.0,0.10540936861004714,0.012428641092978669,0.0,#colombia,0
175,150,100,123,40,0.0026656004264960682,0.26666666666666666,8,0.3252032520325203,9,89,0.12195121951219512,1.3820224719101124,0.0,0.09734154604723418,0.047236778869618294,0.0472189959994838,#enunmesparamos,0
244,150,133,192,119,0.003244982547993019,0.7933333333333333,12,0.6197916666666666,7,84,0.2708333333333333,2.2857142857142856,0.0,0.19083065784061812,0.027800707275727584,0.02511780753968254,#viña2020,0
227,150,56,63,38,0.00972862263184844,0.25333333333333335,13,0.6031746031746031,4,34,0.4603174603174603,1.8529411764705883,0.0,0.2741976234026691,0.10004619353658092,0.010733182161753589,#ecuadoresturismo,0
579,150,105,215,207,0.00449902195174962,1.38,19,0.9627906976744186,15,69,0.4930232558139535,3.1159420289855073,0.0,0.14035684260592662,0.02318171581843535,0.006530420483908856,#cuba,0
330,150,99,103,76,0.007233961545783362,0.5066666666666667,48,0.7378640776699029,3,50,0.5242718446601942,2.06,0.0,0.287098068257442,0.22009796824751884,0.0,#nomesientoseguro,0
190,150,122,266,153,0.0021705206412257058,1.02,3,0.575187969924812,28,114,0.21428571428571427,2.3333333333333335,0.0,0.09574551914699345,0.008776678894028382,0.0,#podcast,0
640,150,145,186,55,0.0015983725661145017,0.36666666666666664,8,0.2956989247311828,10,132,0.08064516129032258,1.4090909090909092,0.0,0.10757868864648412,0.03226592881213299,0.0,#nestorcumple,0
506,150,134,164,50,0.0018704174771809069,0.3333333333333333,7,0.3048780487804878,7,119,0.1951219512195122,1.3781512605042017,0.0,0.10052024058602305,0.025672646774341987,0.0,#napoli,0
175,150,125,203,98,0.002389894161829976,0.6533333333333333,6,0.4827586206896552,11,111,0.1625615763546798,1.8288288288288288,0.02040816326530612,0.13141659966576602,0.016199821599995383,0.020122406329302883,#paronacionaldemujeres,0
187,150,100,159,169,0.006727171403550673,1.1266666666666667,34,1.0628930817610063,17,49,0.6037735849056604,3.2448979591836733,0.011834319526627219,0.20822120761437435,0.06313906217439341,0.015265574644043012,#huejotzingo,0
183,150,138,183,57,0.001711403350747613,0.38,4,0.3114754098360656,3,127,0.03825136612021858,1.4409448818897639,0.0,0.13974533351823082,0.016063538847874446,0.0,#undíasinnosotras,0
186,150,84,100,17,0.0017171717171717172,0.11333333333333333,2,0.17,6,83,0.07,1.2048192771084338,0.0,0.05785924975455969,0.021301256485760003,0.0,#mundo,0
247,150,125,185,61,0.001792009400705053,0.4066666666666667,2,0.32972972972972975,11,124,0.06486486486486487,1.4919354838709677,0.0,0.09512702856244909,0.008788766907741241,0.0,#italia,0
150,150,105,150,48,0.002147651006711409,0.32,3,0.32,5,102,0.04,1.4705882352941178,0.0,0.10557693420908339,0.01725057409979328,0.0,#economía,0
417,150,134,188,61,0.0017351234497667539,0.4066666666666667,3,0.324468085106383,8,127,0.09574468085106383,1.4803149606299213,0.0,0.10264215125569993,0.016562306262324158,0.0,#salud,0
1550,150,96,158,70,0.002821897927920664,0.4666666666666667,7,0.4430379746835443,6,89,0.1518987341772152,1.7752808988764044,0.0,0.12248944251140856,0.020416593667078188,0.0,#25feb,0
433,150,137,204,67,0.0016178885347242346,0.44666666666666666,1,0.3284313725490196,9,137,0.049019607843137254,1.489051094890511,0.0,0.09572760921852431,0.007972570646697397,0.0,#carnaval,0
177,150,129,156,36,0.001488833746898263,0.24,6,0.23076923076923078,6,120,0.16666666666666666,1.3,0.0,0.08497336859107588,0.023913462083536393,0.0,#riesgodecoronavirus,0
181,150,140,202,84,0.0020688636027781883,0.56,8,0.4158415841584158,12,120,0.16336633663366337,1.6833333333333333,0.0,0.1314466602288341,0.024153764471489605,0.0,#quincenatragica,0
483,150,142,191,71,0.001956461835216313,0.47333333333333333,4,0.3717277486910995,10,128,0.13612565445026178,1.4921875,0.0,0.08311781421710646,0.011905069502973788,0.0,#díanaranja,0
152,150,58,104,50,0.004667662434652726,0.3333333333333333,2,0.4807692307692308,17,56,0.18269230769230768,1.8571428571428572,0.0,0.08006893621456915,0.02329621311168816,0.0,#nacionales,0
158,150,89,186,155,0.0045045045045045045,1.0333333333333334,13,0.8333333333333334,54,59,0.5053763440860215,3.152542372881356,0.0,0.16488792808805053,0.03836537984345635,0.04080172527357853,#tamaulipas,0
316,150,134,201,95,0.00236318407960199,0.6333333333333333,8,0.472636815920398,10,111,0.3383084577114428,1.8108108108108107,0.0,0.122242685996688,0.021778923029349063,0.0,#vina2020,0
207,150,130,243,126,0.0021426385062748698,0.84,8,0.5185185185185185,14,117,0.11522633744855967,2.076923076923077,0.0,0.1023813570304606,0.016883872153537437,0.0,#undiasinnosotras,0
944,150,135,348,307,0.00254231673788466,2.046666666666667,22,0.882183908045977,16,58,0.6350574712643678,6.0,0.0,0.1530504051234793,0.02456612388766183,0.0,#elcacas,0
250,150,140,223,103,0.0020805558922150852,0.6866666666666666,11,0.4618834080717489,48,123,0.2600896860986547,1.8130081300813008,0.0,0.09485925008348127,0.030020619983830335,0.0,#nestorvive,0
229,150,85,100,18,0.0018181818181818182,0.12,4,0.18,5,82,0.11,1.2195121951219512,0.0,0.07154772426249977,0.02906198493124999,0.0,#nacional,0
292,150,88,99,41,0.004225932797361369,0.2733333333333333,18,0.41414141414141414,4,65,0.3333333333333333,1.523076923076923,0.0,0.17157956281048686,0.10220693175630499,0.007118807118807118,#cachitosprotovideo80,0
321,150,130,235,112,0.0020367339516275686,0.7466666666666667,2,0.4765957446808511,39,124,0.1702127659574468,1.8951612903225807,0.0,0.09561962608695673,0.006921193241652059,0.0,#carnaval2020,0
535,150,106,110,133,0.011092577147623019,0.8866666666666667,90,1.209090909090909,2,17,0.8454545454545455,6.470588235294118,0.0,0.40710928978636135,0.31837189015746037,0.0,#honor20liteenmediamarkt,0
798,150,140,166,28,0.001022270901788974,0.18666666666666668,2,0.1686746987951807,4,138,0.030120481927710843,1.2028985507246377,0.0,0.07898580923186842,0.01482215983378936,0.0,#coronavirusespana,0
208,150,130,260,209,0.0031036531036531035,1.3933333333333333,13,0.8038461538461539,13,71,0.5346153846153846,3.6619718309859155,0.0,0.15842461849885547,0.014801771762054222,0.0009615384615384616,#sevan,0
223,150,119,230,123,0.0023352952344788303,0.82,5,0.5347826086956522,20,108,0.12608695652173912,2.1296296296296298,0.0,0.10848601708434993,0.010670972860402998,0.0,#yoapruebo,0
305,150,119,180,105,0.0032588454376163874,0.7,10,0.5833333333333334,11,89,0.3388888888888889,2.0224719101123596,0.0,0.15349217972148047,0.025282147934923983,0.0,#messi,0
165,150,145,243,109,0.0018535523586028636,0.7266666666666667,4,0.448559670781893,13,134,0.05761316872427984,1.8134328358208955,0.0,0.10667112086345766,0.015645558548319,0.0,#8m,0
197,150,96,140,45,0.0023124357656731757,0.3,2,0.32142857142857145,8,95,0.06428571428571428,1.4736842105263157,0.0,0.12295601777395107,0.016230434591866766,0.0,#tecnología,0
178,150,132,151,36,0.0015894039735099338,0.24,13,0.23841059602649006,4,116,0.152317880794702,1.3017241379310345,0.0,0.10444784236077495,0.05932190430681565,0.0,#vamoscolocolo,0
170,150,136,141,38,0.0019250253292806485,0.25333333333333335,30,0.2695035460992908,2,105,0.24822695035460993,1.3428571428571427,0.0,0.16547776455747976,0.14600750634284804,0.014200701067905762,#subealpodio,0
164,150,111,169,62,0.0021837137221752605,0.41333333333333333,2,0.3668639053254438,6,109,0.04142011834319527,1.5504587155963303,0.0,0.1059698487254945,0.013453157702106023,0.03155818540433925,#medioambiente,0
239,150,67,157,142,0.005797811530295607,0.9466666666666667,14,0.9044585987261147,19,37,0.39490445859872614,4.243243243243243,0.0,0.15855498620623176,0.03180179531640372,0.008371246587807097,#derechoshumanos,0
425,150,83,145,103,0.004932950191570881,0.6866666666666666,10,0.7103448275862069,23,57,0.496551724137931,2.543859649122807,0.0,0.14378486760329146,0.022060490344550966,0.012435470576400112,#oaxaca,0
677,150,123,193,89,0.002401770293609672,0.5933333333333334,5,0.46113989637305697,18,108,0.13471502590673576,1.787037037037037,0.0,0.12438655599000824,0.01561369002940739,0.015544041450777202,#covid19,0
177,150,99,204,143,0.0034531053800830676,0.9533333333333334,5,0.7009803921568627,11,68,0.3284313725490196,3.0,0.0,0.14760952320479895,0.017787131027623495,0.0,#yorechazo,0
721,150,73,168,157,0.005595950955232392,1.0466666666666666,21,0.9345238095238095,19,38,0.5595238095238095,4.421052631578948,0.0,0.15758045841459736,0.050860087198788234,0.10251992159886897,#retornoseguro2020,0
222,150,99,126,49,0.003111111111111111,0.32666666666666666,10,0.3888888888888889,8,85,0.18253968253968253,1.4823529411764707,0.0,0.11250280996625964,0.033050905798079094,0.0,#chelsea,0
190,150,53,108,315,0.027258566978193146,2.1,31,2.9166666666666665,21,6,0.9444444444444444,18.0,0.0,0.25128164193585784,0.04396365601515817,0.09146242725057958,#carlosrivera,0
352,150,99,208,130,0.0030193236714975845,0.8666666666666667,5,0.625,8,88,0.09615384615384616,2.3636363636363638,0.0,0.12201471887580019,0.010116051211047684,0.014423076923076924,#ahora,0
166,150,124,248,165,0.002693613686822515,1.1,10,0.6653225806451613,17,94,0.3709677419354839,2.6382978723404253,0.0,0.11372074934592002,0.013975609753738317,0.0,#ecuador,0
501,150,89,120,33,0.002310924369747899,0.22,3,0.275,8,87,0.075,1.3793103448275863,0.0,0.09722241833533632,0.026238592929825038,0.0,#noticias,0
731,150,140,226,92,0.001809242871189774,0.6133333333333333,3,0.40707964601769914,8,134,0.03982300884955752,1.6865671641791045,0.0,0.1173543996856028,0.011675411796915662,0.0,#barcelona,0
320,150,115,149,36,0.0016325049882096863,0.24,2,0.24161073825503357,9,113,0.087248322147651,1.3185840707964602,0.0,0.07193329898504298,0.011377289903456402,0.0,#deportes,0
173,150,96,154,75,0.003183091418385536,0.5,5,0.487012987012987,11,82,0.2597402597402597,1.8780487804878048,0.0,0.11121674863957015,0.02109831239753086,0.0,#veracruz,0
305,150,124,218,112,0.0023675643681562593,0.7466666666666667,7,0.5137614678899083,9,108,0.14220183486238533,2.0185185185185186,0.0,0.12469529904534729,0.013582761162418721,0.0,#mexico,0
770,150,118,181,133,0.004082259054634745,0.8866666666666667,23,0.7348066298342542,7,78,0.425414364640884,2.3205128205128207,0.0,0.17507868996496823,0.051646876074644056,0.003004540608926586,#puebla,0
223,150,113,132,34,0.001966227157066852,0.22666666666666666,12,0.25757575757575757,5,101,0.1893939393939394,1.306930693069307,0.0,0.134838392103235,0.051285671944313424,0.025502275502275504,#frac1,0
264,150,120,155,151,0.006325932132383746,1.0066666666666666,63,0.9741935483870968,5,27,0.5096774193548387,5.7407407407407405,0.0,0.34764817064609144,0.20267345819143004,0.03780873306367583,#kca,0
181,150,84,106,107,0.009613656783468105,0.7133333333333334,50,1.009433962264151,4,12,0.8018867924528302,8.833333333333334,0.018691588785046728,0.36646255894745217,0.22590834791711403,0.04088820433833911,#iheartawards,0
164,148,97,218,176,0.003720458292816979,1.1891891891891893,9,0.8073394495412844,14,57,0.573394495412844,3.824561403508772,0.0,0.12604237096150042,0.013485641446945678,0.002599388379204893,#rechazocrece,0
237,150,141,223,93,0.0018785601745243,0.62,8,0.4170403587443946,21,131,0.09865470852017937,1.702290076335878,0.0,0.11254933995808468,0.021938441248570972,0.0,#coronavirusesp,0
319,150,134,312,199,0.002050869816143128,1.3266666666666667,3,0.6378205128205128,43,118,0.3269230769230769,2.6440677966101696,0.010050251256281407,0.10948393908636679,0.009541991482835188,0.006451347797501643,#cdmx,0
151,150,93,110,19,0.00158465387823186,0.12666666666666668,3,0.17272727272727273,4,91,0.045454545454545456,1.2087912087912087,0.0,0.07076219697675595,0.026182601681818116,0.0,#internacional,0
622,150,132,162,57,0.0021854152288934897,0.38,10,0.35185185185185186,7,112,0.24074074074074073,1.4464285714285714,0.0,0.13263610830998238,0.02874182802272139,0.0,#napolibarca,0
198,150,140,145,136,0.006513409961685823,0.9066666666666666,132,0.9379310344827586,2,9,0.9310344827586207,16.11111111111111,0.0,0.43487134768117786,0.435406809793429,0.0,#galaxys20gratis,0
1089,150,91,130,81,0.00483005366726297,0.54,8,0.6230769230769231,6,69,0.3076923076923077,1.8840579710144927,0.024691358024691357,0.18761519133402962,0.027246539839234887,0.013076923076923076,#ucl,0
156,150,74,99,69,0.007111935683364255,0.46,13,0.696969696969697,7,46,0.2222222222222222,2.152173913043478,0.028985507246376812,0.21879362498308147,0.05480965729430168,0.021885521885521883,#championsxfox,0
223,150,91,119,39,0.0027773821392963966,0.26,5,0.3277310924369748,7,87,0.11764705882352941,1.367816091954023,0.0,0.08207527880756407,0.01711406533927606,0.0,#champions,0
429,150,116,228,123,0.002376536053790865,0.82,4,0.5394736842105263,18,108,0.09649122807017543,2.111111111111111,0.0,0.10709088718187874,0.01658019711837324,0.0,#madrid,0
184,150,131,174,45,0.0014949172812437712,0.3,1,0.25862068965517243,4,129,0.028735632183908046,1.3488372093023255,0.0,0.11072068049602152,0.009156520616720256,0.0,#cultura,0
1981,150,125,137,21,0.0011270931730356377,0.14,4,0.15328467153284672,3,118,0.058394160583941604,1.1610169491525424,0.0,0.0998908321356632,0.02491512585177127,0.02015988877302746,#tierradenadie1,0
304,150,121,240,163,0.0028417015341701533,1.0866666666666667,30,0.6791666666666667,8,80,0.24166666666666667,3.0,0.0,0.19016321087537927,0.05509688557418507,0.0,#repost,0
367,150,128,163,73,0.002764523214420965,0.4866666666666667,15,0.44785276073619634,11,94,0.24539877300613497,1.7340425531914894,0.0,0.16604965886763615,0.06319057349264552,0.0,#niunabatamenos,0
359,150,146,148,68,0.003125574554145983,0.4533333333333333,67,0.4594594594594595,1,80,0.4594594594594595,1.85,0.0,0.27891070551634173,0.28159292124794555,0.0,#mujeresfuertessalariorosa,0
270,150,108,109,1,8.494733265375468e-05,0.006666666666666667,1,0.009174311926605505,1,108,0.01834862385321101,1.0092592592592593,0.0,0.007666838727801217,0.016841150654406663,0.0,#skamespaña,0
207,150,113,300,291,0.0032441471571906353,1.94,25,0.97,15,41,0.6533333333333333,7.317073170731708,0.0,0.1591271682396346,0.028000786818433,0.0,#elcacasobrador,0
5201,150,142,199,71,0.0018019389878686362,0.47333333333333333,5,0.35678391959798994,12,130,0.10050251256281408,1.5307692307692307,0.0,0.11678504665098896,0.01557375712333024,0.01172529313232831,#coronavirus,0
442,150,147,168,29,0.001033646991730824,0.19333333333333333,8,0.17261904761904762,7,139,0.05357142857142857,1.20863309352518,0.0,0.09433585065745922,0.04177886603401232,0.0,#momentobarreto,0
188,150,125,149,38,0.001723199709776891,0.25333333333333335,10,0.2550335570469799,4,111,0.1342281879194631,1.3423423423423424,0.0,0.11769230456047321,0.042307483223331444,0.0,#colocolo,0
227,150,53,64,44,0.010912698412698412,0.29333333333333333,5,0.6875,10,27,0.5625,2.3703703703703702,0.0,0.20052170069631126,0.06291310190691073,0.07995806277056278,#quéhashechocandivinity,0
201,150,113,223,140,0.0028279400476709893,0.9333333333333333,7,0.6278026905829597,46,87,0.31390134529147984,2.5632183908045976,0.0,0.12886653100825618,0.01626681487892725,0.0,#eeuu,0
180,150,101,198,100,0.0025637081474644925,0.6666666666666666,2,0.5050505050505051,18,98,0.15151515151515152,2.020408163265306,0.0,0.07959461977181112,0.008309102613837488,0.0,#futbol,0
268,150,74,77,3,0.0005126452494873548,0.02,1,0.03896103896103896,1,74,0.025974025974025976,1.0405405405405406,0.0,0.03080752179448731,0.02325618691850873,0.0,#firstdates25f,0
216,150,137,234,107,0.0019625105462015334,0.7133333333333334,3,0.45726495726495725,11,131,0.10256410256410256,1.786259541984733,0.0,0.10527277557150018,0.008747078487500112,0.0,#carnavales2020,0
241,150,140,147,9,0.0004193458205199888,0.06,2,0.061224489795918366,2,138,0.027210884353741496,1.065217391304348,0.0,0.03720283246807942,0.01487467711682449,0.0,#yoapoyoalosrugbiers,0
315,150,94,182,106,0.003217776698439682,0.7066666666666667,4,0.5824175824175825,6,78,0.0989010989010989,2.3333333333333335,0.0,0.13304579997330726,0.016856107681904608,0.020146520146520144,#envivo,0
259,150,115,163,60,0.0022722108611679163,0.4,3,0.36809815950920244,5,108,0.03680981595092025,1.5092592592592593,0.03333333333333333,0.13291594743467386,0.018136355463587484,0.018404907975460124,#últimahora,0
2168,150,124,183,96,0.002882363538101243,0.64,7,0.5245901639344263,9,97,0.2677595628415301,1.8865979381443299,0.0,0.14766804114423404,0.019661866829207765,0.0,#championsleague,0
152,150,118,142,55,0.002746978323843772,0.36666666666666664,29,0.3873239436619718,5,88,0.28169014084507044,1.6136363636363635,0.0,0.19754189455995375,0.13383157002557824,0.014101852494276002,#peruporlaabolicion,0
211,150,82,156,80,0.0033085194375516956,0.5333333333333333,2,0.5128205128205128,8,76,0.0641025641025641,2.0526315789473686,0.0,0.12272564978660441,0.014310889759264488,0.0,#opinión,0
223,150,68,136,81,0.004411764705882353,0.54,6,0.5955882352941176,6,57,0.29411764705882354,2.3859649122807016,0.0,0.10582679825147281,0.01752986496755413,0.0,#24feb,0
200,150,78,93,15,0.0017531556802244039,0.1,1,0.16129032258064516,6,78,0.07526881720430108,1.1923076923076923,0.0,0.06792097500851892,0.018380177344122645,0.0,#ciencia,0
187,150,54,65,25,0.006009615384615385,0.16666666666666666,6,0.38461538461538464,4,44,0.26153846153846155,1.4772727272727273,0.0,0.1783020540722307,0.06722423567165449,0.05706959706959707,#viajaseguroec,0
165,150,144,219,206,0.004314859033974278,1.3733333333333333,66,0.9406392694063926,3,20,0.8401826484018264,10.95,0.0,0.30607637083599465,0.12872014385742073,0.009135385162782422,#rtxon,0
625,150,103,174,83,0.0027572918742940667,0.5533333333333333,5,0.47701149425287354,10,93,0.06896551724137931,1.8709677419354838,0.0,0.13748662471010847,0.015302318818893157,0.0,#venezuela,0
437,150,137,260,157,0.0023314523314523316,1.0466666666666666,6,0.6038461538461538,45,112,0.19615384615384615,2.3214285714285716,0.0,0.13372049208298342,0.01687249720398748,0.0,#méxico,0
223,150,2,136,136,0.007407407407407408,0.9066666666666666,1,1.0,134,1,1.0,136.0,0.014705882352941176,0.005991297104779773,0.010348589728860312,0.0,#yoviajoalmundo,0
404,150,88,173,88,0.002957386745530313,0.5866666666666667,2,0.5086705202312138,8,85,0.06936416184971098,2.0352941176470587,0.0,0.10253183889846512,0.009048549185697832,0.0,#entérate,0
151,85,22,31,9,0.00967741935483871,0.10588235294117647,1,0.2903225806451613,3,22,0.12903225806451613,1.4090909090909092,0.0,0.11013095912487372,0.05124616091696932,0.0,#emprendedor,0
184,150,139,236,118,0.002127659574468085,0.7866666666666666,6,0.5,13,121,0.0635593220338983,1.9504132231404958,0.0,0.13579283916835516,0.021352769213490143,0.0,#mujeres,0
204,150,133,201,76,0.001890547263681592,0.5066666666666667,4,0.3781094527363184,9,126,0.11442786069651742,1.5952380952380953,0.0,0.12386281081500841,0.011244974698055257,0.0,#argentina,0
1020,150,139,143,99,0.004875406283856988,0.66,94,0.6923076923076923,3,44,0.6853146853146853,3.25,0.0,0.3627333284569376,0.3563070653522187,0.0,#gobernadordelasmujeres,0
225,150,119,169,53,0.0018667230205691744,0.35333333333333333,3,0.3136094674556213,7,116,0.047337278106508875,1.456896551724138,0.0,0.09915515296123997,0.01849498043492958,0.0,#china,0
151,148,126,144,120,0.005827505827505828,0.8108108108108109,81,0.8333333333333334,7,42,0.6944444444444444,3.4285714285714284,0.0,0.33231106059202764,0.2866187565409759,0.0072772756221830305,#bts,0
796,150,90,122,53,0.0035902994174231134,0.35333333333333333,4,0.4344262295081967,5,72,0.28688524590163933,1.6944444444444444,0.0,0.1327791171405972,0.019254512789587244,0.00628415300546448,#championsxespn,0
